regional_indicator,embedding_x,embedding_y
South Asia,15.909232,53.676826
South Asia,18.953949,52.189075
South Asia,28.777714,40.75564
South Asia,27.623772,40.59132
South Asia,45.440502,5.500181
South Asia,28.90155,40.16237
South Asia,14.844412,54.55221
South Asia,14.170877,55.249187
South Asia,14.664915,54.166195
South Asia,14.604969,56.013012
South Asia,14.5836115,56.04555
South Asia,14.642385,56.071323
Central and Eastern Europe,-20.139677,-26.498259
Central and Eastern Europe,18.6983,-37.236843
Central and Eastern Europe,37.718185,-17.921173
Central and Eastern Europe,18.230553,-37.182346
Central and Eastern Europe,20.684444,-33.66002
Central and Eastern Europe,18.699114,-35.59026
Central and Eastern Europe,-21.257795,-25.543865
Central and Eastern Europe,16.554876,-39.251453
Central and Eastern Europe,-29.77893,-47.66022
Central and Eastern Europe,14.451904,-38.842865
Central and Eastern Europe,-37.82043,-18.528402
Central and Eastern Europe,-4.330773,-51.729782
Central and Eastern Europe,-29.04507,-46.838417
Middle East and North Africa,17.718725,-14.199643
Middle East and North Africa,39.12009,-16.89857
Middle East and North Africa,38.978355,-16.186039
Middle East and North Africa,-21.64553,-34.17789
Middle East and North Africa,-22.359646,-33.675278
Middle East and North Africa,37.57089,-17.536383
Middle East and North Africa,37.752182,-17.388758
Middle East and North Africa,-19.143524,-31.738138
Latin America and Caribbean,0.19989744,-5.020215
Latin America and Caribbean,-0.93284315,-9.713886
Latin America and Caribbean,-0.9621156,-9.730839
Latin America and Caribbean,-2.0741594,-9.332473
Latin America and Caribbean,0.8484216,-5.2603145
Latin America and Caribbean,5.0477195,-2.7179897
Latin America and Caribbean,6.780758,-1.4180926
Latin America and Caribbean,6.7525616,-1.4127235
Latin America and Caribbean,0.5968371,-5.1688538
Latin America and Caribbean,-1.9744514,-3.6685464
Latin America and Caribbean,-1.6998545,-3.6684556
Latin America and Caribbean,-0.9584405,-1.0423135
Latin America and Caribbean,-1.7035455,-3.6507473
Latin America and Caribbean,4.1939716,-2.3284566
Latin America and Caribbean,3.3084214,-3.126128
Commonwealth of Independent States,21.580294,-34.23707
Commonwealth of Independent States,39.122536,-19.0226
Commonwealth of Independent States,18.978373,-37.848534
Commonwealth of Independent States,18.598085,-38.628975
Commonwealth of Independent States,16.737146,-41.12546
Commonwealth of Independent States,19.007624,-37.95319
Commonwealth of Independent States,6.6391573,-58.010315
Commonwealth of Independent States,5.718978,-56.720745
Commonwealth of Independent States,5.056938,-54.02997
Commonwealth of Independent States,5.2868276,-56.083527
Commonwealth of Independent States,4.971168,-54.01251
Commonwealth of Independent States,17.34965,-37.89081
Commonwealth of Independent States,33.55193,-21.373371
Commonwealth of Independent States,25.663054,-20.799809
North America and ANZ,-27.83743,29.880978
North America and ANZ,-18.092503,37.441273
North America and ANZ,-16.588491,37.49832
North America and ANZ,-16.51774,37.66882
North America and ANZ,-16.494827,38.53853
North America and ANZ,-16.598873,38.852867
North America and ANZ,-16.45498,39.14377
North America and ANZ,-15.834155,39.68504
North America and ANZ,-15.278683,40.137
North America and ANZ,-11.644282,41.299698
North America and ANZ,-16.487162,46.591354
North America and ANZ,-15.688279,47.664917
North America and ANZ,-15.663814,48.470028
North America and ANZ,-17.52855,45.613327
Western Europe,-13.588818,35.881893
Western Europe,-12.5404415,36.44682
Western Europe,-4.3838825,28.661606
Western Europe,-5.216364,27.99308
Western Europe,-5.3831167,28.390667
Western Europe,-5.216364,27.99308
Western Europe,-4.383888,28.661608
Western Europe,-3.0889907,28.879622
Western Europe,-2.7031631,29.98646
Western Europe,-3.2875745,38.83424
Western Europe,-5.8154683,38.765373
Western Europe,-13.40888,46.57998
Western Europe,-14.42008,47.45702
Commonwealth of Independent States,36.32848,-21.864079
Commonwealth of Independent States,18.748287,-37.02549
Commonwealth of Independent States,18.980558,-27.812447
Commonwealth of Independent States,27.732014,-27.949007
Commonwealth of Independent States,20.145178,-33.68858
Commonwealth of Independent States,27.50058,-28.343369
Commonwealth of Independent States,27.488062,-28.352211
Commonwealth of Independent States,27.23521,-27.688456
Commonwealth of Independent States,27.756048,-27.019323
Commonwealth of Independent States,28.645517,-25.383444
Commonwealth of Independent States,27.975641,-26.78944
Commonwealth of Independent States,27.856388,-26.726248
Commonwealth of Independent States,28.651552,-25.133892
Commonwealth of Independent States,27.235943,-21.210855
Middle East and North Africa,-41.406483,-9.354471
Middle East and North Africa,-25.884394,-38.308517
Middle East and North Africa,24.593435,-19.725258
Middle East and North Africa,-21.818575,-29.17978
Middle East and North Africa,-32.128475,-11.433476
Middle East and North Africa,-30.701107,-21.25802
Middle East and North Africa,-33.015648,-20.67248
Middle East and North Africa,-43.04604,-7.374096
Middle East and North Africa,-44.58106,-6.5757546
Middle East and North Africa,-41.838203,-9.30525
Middle East and North Africa,-44.297733,-6.634533
South Asia,42.943188,-5.2775464
South Asia,34.717068,-11.260975
South Asia,20.770061,-14.6143055
South Asia,40.1792,-14.517042
South Asia,-17.526638,-32.449047
South Asia,36.45044,-24.538784
South Asia,19.61677,-15.366448
South Asia,-18.11797,-32.08735
South Asia,18.404533,-14.447338
South Asia,36.694565,-23.314495
South Asia,35.79373,-24.657661
South Asia,-21.318207,-37.145836
South Asia,33.58979,-24.649729
South Asia,33.924503,-24.719107
South Asia,-21.83857,-35.714523
Commonwealth of Independent States,26.60851,-28.409895
Commonwealth of Independent States,27.278908,-27.579891
Commonwealth of Independent States,14.631191,-12.489391
Commonwealth of Independent States,26.589731,-27.522913
Commonwealth of Independent States,26.12401,-26.761908
Commonwealth of Independent States,25.536953,-27.861229
Commonwealth of Independent States,26.083193,-26.810293
Commonwealth of Independent States,26.042862,-26.738544
Commonwealth of Independent States,21.112808,-27.698032
Commonwealth of Independent States,25.942118,-26.48183
Commonwealth of Independent States,25.901983,-26.567463
Commonwealth of Independent States,25.475475,-27.517233
Commonwealth of Independent States,25.744854,-27.745024
Commonwealth of Independent States,25.77278,-26.34668
Western Europe,-43.93687,-10.706756
Western Europe,-48.555996,6.2496767
Western Europe,-19.243792,31.098396
Western Europe,-21.966139,30.999893
Western Europe,-21.76265,30.889183
Western Europe,-21.886164,30.933186
Western Europe,-21.913223,30.939205
Western Europe,-21.379646,30.50182
Western Europe,-3.7523592,26.710377
Western Europe,-3.674305,28.806192
Western Europe,-3.559613,28.428627
Western Europe,-3.54853,28.428146
Western Europe,-3.0198088,29.162777
Western Europe,-23.70812,32.274624
Sub-Saharan Africa,26.107689,37.527107
Sub-Saharan Africa,18.581015,52.674305
Sub-Saharan Africa,29.92645,40.623962
Sub-Saharan Africa,18.40293,52.738564
Sub-Saharan Africa,32.327038,38.927208
Sub-Saharan Africa,26.326275,37.716534
Sub-Saharan Africa,26.752882,38.12214
Sub-Saharan Africa,28.55143,39.10059
Sub-Saharan Africa,29.002087,39.746532
Sub-Saharan Africa,30.845646,41.777912
Sub-Saharan Africa,29.874317,39.97025
Sub-Saharan Africa,28.561565,39.088295
Latin America and Caribbean,42.331955,-3.1914485
Latin America and Caribbean,33.320515,-9.589061
Latin America and Caribbean,9.727172,7.319731
Latin America and Caribbean,6.744126,2.254417
Latin America and Caribbean,10.191561,6.331182
Latin America and Caribbean,6.8193393,2.2303283
Latin America and Caribbean,-28.444706,-2.1955225
Latin America and Caribbean,-0.06680047,6.6568847
Latin America and Caribbean,-34.948124,-6.510029
Latin America and Caribbean,-7.416064,1.4844873
Latin America and Caribbean,-1.416341,4.9796124
Latin America and Caribbean,32.016552,-20.635815
Latin America and Caribbean,11.473093,-10.167375
Latin America and Caribbean,1.0419384,4.2267857
Latin America and Caribbean,0.76670265,-9.683433
Central and Eastern Europe,-29.110111,-50.09291
Central and Eastern Europe,-30.683432,-50.877186
Central and Eastern Europe,4.6308184,-53.644733
Central and Eastern Europe,-4.9044695,-56.36256
Central and Eastern Europe,-30.15658,-49.738018
Central and Eastern Europe,-29.9706,-49.76169
Central and Eastern Europe,-29.433279,-49.823307
Central and Eastern Europe,2.4648094,-60.168995
Central and Eastern Europe,-29.204617,-47.898865
Central and Eastern Europe,-29.56134,-49.26337
Central and Eastern Europe,-28.602518,-47.872208
Central and Eastern Europe,-28.68956,-47.738205
Central and Eastern Europe,-29.366343,-47.442722
Sub-Saharan Africa,58.96856,10.450915
Sub-Saharan Africa,57.567554,9.174894
Sub-Saharan Africa,56.550777,10.707731
Sub-Saharan Africa,54.730423,12.116638
Sub-Saharan Africa,54.666763,11.557603
Sub-Saharan Africa,54.41277,10.94272
Sub-Saharan Africa,51.087982,10.318718
Sub-Saharan Africa,48.0266,9.568239
Sub-Saharan Africa,45.29052,9.434959
Sub-Saharan Africa,42.64132,8.931699
Sub-Saharan Africa,41.970234,-3.3090482
Sub-Saharan Africa,37.50071,-10.014448
Latin America and Caribbean,-35.411045,-7.271332
Latin America and Caribbean,-31.64594,-10.264725
Latin America and Caribbean,3.8648112,-1.6946726
Latin America and Caribbean,3.7723455,-0.937791
Latin America and Caribbean,2.9329474,-0.85487956
Latin America and Caribbean,-2.5421522,-2.6065588
Latin America and Caribbean,-35.175274,-8.145134
Latin America and Caribbean,4.075251,-2.1411135
Latin America and Caribbean,7.133965,-1.5648202
Latin America and Caribbean,-31.444288,-11.874969
Latin America and Caribbean,3.204206,-3.1344376
Latin America and Caribbean,13.75382,-12.045943
Latin America and Caribbean,10.345598,-7.2957816
Latin America and Caribbean,-4.096941,-1.5742213
Latin America and Caribbean,24.183928,-19.74593
Central and Eastern Europe,1.5772613,-56.912777
Central and Eastern Europe,1.5950729,-56.592915
Central and Eastern Europe,1.0418085,-56.29927
Central and Eastern Europe,1.3542572,-55.9175
Central and Eastern Europe,1.031066,-55.784477
Central and Eastern Europe,0.95573044,-55.621292
Central and Eastern Europe,0.33726245,-55.293934
Central and Eastern Europe,0.1269582,-55.303684
Central and Eastern Europe,-1.6193014,-53.344215
Central and Eastern Europe,-0.2781112,-54.921864
Central and Eastern Europe,-4.300751,-51.667313
Central and Eastern Europe,-30.421816,-41.819942
Sub-Saharan Africa,41.70724,35.582615
Sub-Saharan Africa,42.116673,34.617653
Sub-Saharan Africa,15.352928,53.099194
Sub-Saharan Africa,25.984648,35.23222
Sub-Saharan Africa,18.018312,51.861103
Sub-Saharan Africa,15.266256,52.064243
Sub-Saharan Africa,38.90426,25.801163
Sub-Saharan Africa,35.99609,28.117983
Sub-Saharan Africa,18.042873,51.916306
Sub-Saharan Africa,35.911816,28.057068
Sub-Saharan Africa,21.642769,49.908775
Sub-Saharan Africa,36.716587,23.720167
Sub-Saharan Africa,36.796883,23.740566
Sub-Saharan Africa,14.78556,56.37408
Sub-Saharan Africa,26.1565,28.75901
Sub-Saharan Africa,29.25753,41.56691
Sub-Saharan Africa,26.353489,28.737862
Sub-Saharan Africa,29.891096,40.054363
Southeast Asia,44.835426,5.1261373
Southeast Asia,44.735985,34.94009
Southeast Asia,37.325485,17.817282
Southeast Asia,40.936142,13.199922
Southeast Asia,41.603714,3.441667
Southeast Asia,40.986465,-5.0614624
Southeast Asia,32.73787,-9.975795
Southeast Asia,33.20093,-9.19391
Southeast Asia,-25.422083,0.9119371
Southeast Asia,-26.667122,0.35940158
Southeast Asia,-27.057152,-1.1576202
Southeast Asia,-27.631382,-1.5968994
Southeast Asia,-28.107832,-1.9724376
Southeast Asia,-28.66249,-2.3442872
Southeast Asia,-33.18628,-5.8019195
Sub-Saharan Africa,33.417118,32.218643
Sub-Saharan Africa,42.649776,34.5231
Sub-Saharan Africa,33.29709,32.019146
Sub-Saharan Africa,26.63206,34.17314
Sub-Saharan Africa,33.395527,31.702404
Sub-Saharan Africa,33.01682,31.333597
Sub-Saharan Africa,35.93906,28.030918
Sub-Saharan Africa,38.92028,26.081938
Sub-Saharan Africa,43.819096,25.200365
Sub-Saharan Africa,43.737076,23.837406
Sub-Saharan Africa,44.0278,23.784115
Sub-Saharan Africa,44.01672,23.720778
Sub-Saharan Africa,44.735294,23.892923
Sub-Saharan Africa,44.276134,22.813532
Sub-Saharan Africa,44.944115,23.139484
North America and ANZ,-28.910927,30.510551
North America and ANZ,-16.718636,35.680523
North America and ANZ,-16.320684,37.9265
North America and ANZ,-16.723713,35.947865
North America and ANZ,-16.74619,35.84857
North America and ANZ,-16.006964,38.79912
North America and ANZ,-15.686404,39.739853
North America and ANZ,-15.289675,40.064915
North America and ANZ,-15.110073,40.301113
North America and ANZ,-14.140286,40.568832
North America and ANZ,-13.514535,45.185463
North America and ANZ,-15.61788,46.629356
North America and ANZ,-15.76519,46.926052
North America and ANZ,-16.093805,47.114697
North America and ANZ,-17.70387,45.292244
Sub-Saharan Africa,13.036839,54.66456
Sub-Saharan Africa,25.66426,28.378008
Sub-Saharan Africa,14.630111,53.687065
Sub-Saharan Africa,13.717139,54.807034
Sub-Saharan Africa,14.343987,53.442368
Sub-Saharan Africa,25.88684,35.374653
Sub-Saharan Africa,15.713862,52.73694
Sub-Saharan Africa,15.293056,55.75756
Sub-Saharan Africa,15.498538,52.5793
Sub-Saharan Africa,28.41495,27.253687
Sub-Saharan Africa,17.855894,52.594246
Sub-Saharan Africa,41.26458,23.91913
Sub-Saharan Africa,14.514342,51.65426
Sub-Saharan Africa,25.842476,35.61642
Latin America and Caribbean,-19.172642,-7.8809495
Latin America and Caribbean,-17.810486,-7.8992357
Latin America and Caribbean,-21.016596,-9.224143
Latin America and Caribbean,-19.300913,-7.8495874
Latin America and Caribbean,-33.56143,-11.726659
Latin America and Caribbean,-20.005915,-8.349465
Latin America and Caribbean,-18.400085,-7.8409863
Latin America and Caribbean,-20.053255,-8.371105
Latin America and Caribbean,-18.26145,-7.806954
Latin America and Caribbean,-33.228336,-12.292925
Latin America and Caribbean,-20.104195,-8.015075
Latin America and Caribbean,-33.68243,-10.726317
Latin America and Caribbean,-6.468946,-5.9060135
Latin America and Caribbean,-6.505977,-5.8848195
Latin America and Caribbean,-44.855957,-9.9310055
East Asia,-24.99358,-10.933979
East Asia,6.440764,6.9143596
East Asia,3.6563704,5.857803
East Asia,6.1090612,6.9256186
East Asia,5.589756,6.4980907
East Asia,5.9506702,6.8993764
East Asia,5.93377,6.9578266
East Asia,5.887775,6.9742436
East Asia,9.118885,-3.851203
East Asia,8.759204,-3.666167
East Asia,8.862498,-3.7178142
East Asia,-0.75783736,1.0897604
East Asia,-0.74367553,1.4464124
East Asia,-0.67328674,1.6682767
East Asia,-6.4629726,-5.905218
Latin America and Caribbean,-31.91618,-10.573688
Latin America and Caribbean,-5.7592335,2.1178067
Latin America and Caribbean,-5.4925075,2.091904
Latin America and Caribbean,9.047488,2.804906
Latin America and Caribbean,2.7158723,0.121621616
Latin America and Caribbean,2.9491534,-1.336169
Latin America and Caribbean,-40.121037,-8.185521
Latin America and Caribbean,-0.33620694,-40.547882
Latin America and Caribbean,-2.4324732,-10.036453
Latin America and Caribbean,4.1274743,-2.1021955
Latin America and Caribbean,-0.15961081,-41.257687
Latin America and Caribbean,-1.596498,-10.149033
Latin America and Caribbean,-1.4146307,-3.7024455
Latin America and Caribbean,-1.0148941,-3.9962769
Latin America and Caribbean,-1.130583,-1.6658915
Sub-Saharan Africa,37.0357,34.12165
Sub-Saharan Africa,37.55899,32.44146
Sub-Saharan Africa,37.5414,32.466694
Sub-Saharan Africa,34.826668,31.75626
Sub-Saharan Africa,37.777878,17.2125
Sub-Saharan Africa,37.270477,15.838575
Sub-Saharan Africa,14.739171,53.95052
Sub-Saharan Africa,33.899914,26.385197
Sub-Saharan Africa,16.654774,50.883224
Sub-Saharan Africa,31.973206,31.911097
Sub-Saharan Africa,53.637363,14.695896
Sub-Saharan Africa,53.6181,14.708138
Sub-Saharan Africa,30.303492,33.623528
Sub-Saharan Africa,29.95073,32.270714
Sub-Saharan Africa,27.823475,33.59066
Sub-Saharan Africa,39.148693,12.159442
Latin America and Caribbean,-44.096096,-9.308666
Latin America and Caribbean,-44.112152,-9.065046
Latin America and Caribbean,-44.00782,-8.837275
Latin America and Caribbean,-41.38551,-7.7777967
Latin America and Caribbean,-41.232327,-7.8045015
Latin America and Caribbean,-33.29051,-3.4622438
Latin America and Caribbean,-44.543785,-9.591985
Latin America and Caribbean,-48.40597,6.0185323
Latin America and Caribbean,-56.49057,13.386299
Latin America and Caribbean,-54.888714,13.231311
Latin America and Caribbean,-54.98511,13.3681345
Latin America and Caribbean,-55.056343,13.368785
Latin America and Caribbean,-47.848705,27.036045
Latin America and Caribbean,-49.109955,27.573353
Central and Eastern Europe,0.7281742,-53.500465
Central and Eastern Europe,-0.39688215,-54.93644
Central and Eastern Europe,-0.91291004,-54.993713
Central and Eastern Europe,-0.91290784,-54.993717
Central and Eastern Europe,-0.9400166,-54.98712
Central and Eastern Europe,-1.5508978,-55.39329
Central and Eastern Europe,-29.845848,-49.36982
Central and Eastern Europe,19.487162,-32.988857
Central and Eastern Europe,15.880362,-39.981007
Central and Eastern Europe,0.9598632,-52.218475
Central and Eastern Europe,-15.972475,-43.613533
Central and Eastern Europe,-53.898483,10.490787
Central and Eastern Europe,-54.261868,13.569775
Western Europe,-55.36607,14.9625025
Western Europe,-49.065308,22.82885
Western Europe,-51.348587,22.460443
Western Europe,-53.802284,15.090785
Western Europe,-50.32244,24.775867
Western Europe,-50.14537,24.865284
Western Europe,-50.311146,24.46022
Western Europe,-50.31072,24.460262
Western Europe,-50.05645,24.145144
Western Europe,-50.757523,25.0726
Western Europe,-50.646168,22.37338
Western Europe,-52.50167,17.56287
Western Europe,-54.04326,13.048258
Central and Eastern Europe,-37.90026,-17.825254
Central and Eastern Europe,-0.7186332,-41.281986
Central and Eastern Europe,-4.4212213,-53.25293
Central and Eastern Europe,-4.3024344,-51.669033
Central and Eastern Europe,-0.3875255,-54.805515
Central and Eastern Europe,-0.32529682,-43.26035
Central and Eastern Europe,-4.8238053,-51.32069
Central and Eastern Europe,-3.1581287,-10.201924
Central and Eastern Europe,0.25233528,-41.230873
Central and Eastern Europe,-1.8419659,-11.370936
Central and Eastern Europe,-47.838158,5.520811
Central and Eastern Europe,-54.032562,18.322437
Western Europe,-38.867214,-10.050128
Western Europe,-50.995975,-5.0907245
Western Europe,-51.007206,-5.016907
Western Europe,-48.71532,6.6066008
Western Europe,-17.397364,30.965155
Western Europe,-13.502409,35.728516
Western Europe,-6.098373,29.957737
Western Europe,-7.254834,30.348974
Western Europe,-6.9913187,30.3504
Western Europe,-7.0750957,30.377996
Western Europe,-6.7605925,30.237553
Western Europe,-5.918776,30.427338
Western Europe,-4.7700973,32.640636
Western Europe,-4.2727895,37.981388
Western Europe,-5.5221877,38.743195
Latin America and Caribbean,-39.05847,-12.493469
Latin America and Caribbean,-34.94138,-7.640468
Latin America and Caribbean,11.947006,-13.021502
Latin America and Caribbean,-4.7857265,-0.4034298
Latin America and Caribbean,4.0129795,-1.4233012
Latin America and Caribbean,-35.74209,-6.9979105
Latin America and Caribbean,-3.8276472,-1.6283252
Latin America and Caribbean,-35.98641,-6.9143925
Latin America and Caribbean,-36.009304,-7.4009094
Latin America and Caribbean,12.008272,-12.200521
Latin America and Caribbean,-0.5067704,-2.5971036
Latin America and Caribbean,11.48017,-10.066688
Latin America and Caribbean,10.47598,-9.335858
Latin America and Caribbean,-0.88890153,-1.1077597
Latin America and Caribbean,12.495917,-11.380271
Latin America and Caribbean,1.5166601,-42.915806
Latin America and Caribbean,9.721785,4.858802
Latin America and Caribbean,8.2958,5.2638626
Latin America and Caribbean,8.34273,5.2468715
Latin America and Caribbean,9.965535,5.221191
Latin America and Caribbean,5.139472,4.106474
Latin America and Caribbean,2.1184866,3.2498221
Latin America and Caribbean,4.6842966,0.83178663
Latin America and Caribbean,7.2886167,-0.9940863
Latin America and Caribbean,4.6645093,0.74703884
Latin America and Caribbean,-38.236546,-8.280042
Latin America and Caribbean,1.656201,2.5402625
Latin America and Caribbean,1.7696948,2.7553728
Latin America and Caribbean,2.0795367,3.2525635
Latin America and Caribbean,1.0872338,4.154249
Middle East and North Africa,13.668127,-25.260262
Middle East and North Africa,41.957664,-14.761784
Middle East and North Africa,8.006819,-62.178165
Middle East and North Africa,41.72981,-14.913983
Middle East and North Africa,41.290565,-15.13845
Middle East and North Africa,21.504698,-34.26556
Middle East and North Africa,19.142967,-37.88974
Middle East and North Africa,5.805141,-59.705036
Middle East and North Africa,39.090267,-18.094624
Middle East and North Africa,38.138863,-18.961365
Middle East and North Africa,38.28617,-19.377335
Middle East and North Africa,38.25057,-19.308516
Middle East and North Africa,38.49012,-17.244522
Middle East and North Africa,34.17525,-21.490206
Middle East and North Africa,33.98715,-21.38103
Latin America and Caribbean,9.690926,5.3540597
Latin America and Caribbean,-21.175934,-10.84624
Latin America and Caribbean,8.85103,5.9815497
Latin America and Caribbean,8.71789,6.1166673
Latin America and Caribbean,9.470892,5.0765557
Latin America and Caribbean,8.602637,5.587932
Latin America and Caribbean,8.574428,5.4565086
Latin America and Caribbean,8.580624,5.4432926
Latin America and Caribbean,5.6500874,4.6159835
Latin America and Caribbean,8.275076,5.4170747
Latin America and Caribbean,5.492483,5.0605354
Latin America and Caribbean,7.109571,5.044314
Latin America and Caribbean,2.1196759,4.4425845
Latin America and Caribbean,2.120148,4.455473
Latin America and Caribbean,1.7825035,5.106846
Central and Eastern Europe,24.543076,-26.448236
Central and Eastern Europe,24.51635,-25.860012
Central and Eastern Europe,24.69137,-26.154171
Central and Eastern Europe,23.660126,-26.079004
Central and Eastern Europe,24.935469,-25.269072
Central and Eastern Europe,24.488588,-25.331942
Central and Eastern Europe,24.515493,-24.079786
Central and Eastern Europe,27.089167,-22.472298
Central and Eastern Europe,13.687791,-11.134925
Central and Eastern Europe,12.652233,-10.791016
Central and Eastern Europe,-2.1918733,1.3854221
Central and Eastern Europe,-2.1825852,1.3829654
Central and Eastern Europe,-2.18739,1.3805834
Central and Eastern Europe,-3.1066623,-0.19715907
Sub-Saharan Africa,37.815975,29.287489
Sub-Saharan Africa,33.02412,38.83079
Sub-Saharan Africa,38.299534,20.130394
Sub-Saharan Africa,38.089783,17.481344
Sub-Saharan Africa,39.900417,14.835942
Sub-Saharan Africa,29.877977,32.118336
Sub-Saharan Africa,39.22556,12.23739
Sub-Saharan Africa,42.910934,-5.310439
Sub-Saharan Africa,34.658512,-11.483319
Western Europe,-32.21585,-19.640507
Western Europe,-45.81017,-9.965579
Western Europe,-18.9114,30.957243
Western Europe,-22.80708,28.475023
Western Europe,-23.048134,28.953403
Western Europe,-23.14913,28.89977
Western Europe,-23.071186,28.85411
Western Europe,-22.925718,28.484512
Western Europe,-22.86375,28.816948
Western Europe,-22.768017,28.764404
Western Europe,-21.250101,28.86706
Western Europe,-21.083847,28.740793
Western Europe,-22.999567,28.906487
Western Europe,-29.707659,30.60288
Western Europe,-27.663086,29.946056
Western Europe,-23.412619,31.167454
Western Europe,-25.841375,31.148325
Western Europe,-27.701593,29.892982
Western Europe,-23.70541,31.535362
Western Europe,-23.372019,32.96671
Western Europe,-23.368385,33.165325
Western Europe,-23.285027,33.66956
Western Europe,-23.451729,34.760296
Western Europe,-18.24075,44.29866
Western Europe,-18.202358,44.40919
Western Europe,-18.0895,44.58265
Western Europe,-17.870102,45.03181
Western Europe,-29.993616,31.239704
Sub-Saharan Africa,53.313023,15.761358
Sub-Saharan Africa,17.77347,56.22052
Sub-Saharan Africa,17.247267,49.752537
Sub-Saharan Africa,17.492182,49.40696
Sub-Saharan Africa,42.74917,8.866849
Sub-Saharan Africa,42.493267,-0.88844657
Sub-Saharan Africa,38.376404,-9.491061
Sub-Saharan Africa,26.67467,-29.961555
Sub-Saharan Africa,20.070423,-22.528635
Sub-Saharan Africa,38.55249,22.86708
Sub-Saharan Africa,43.904213,3.4651227
Sub-Saharan Africa,43.943085,3.4749267
Commonwealth of Independent States,40.27217,-16.056547
Commonwealth of Independent States,39.983387,-15.489609
Commonwealth of Independent States,40.33434,-15.909414
Commonwealth of Independent States,39.985306,-15.379046
Commonwealth of Independent States,39.987236,-15.364069
Commonwealth of Independent States,39.730373,-15.524798
Commonwealth of Independent States,39.242233,-16.167753
Commonwealth of Independent States,38.295887,-15.124632
Commonwealth of Independent States,37.702698,-15.359355
Commonwealth of Independent States,37.551662,-15.612635
Commonwealth of Independent States,28.286144,-27.629948
Commonwealth of Independent States,28.639393,-24.571589
Commonwealth of Independent States,28.814856,-24.146101
Commonwealth of Independent States,28.832628,-24.151363
Commonwealth of Independent States,29.453035,-25.094593
Western Europe,-44.608078,-10.920977
Western Europe,-21.444105,32.365036
Western Europe,-22.710648,31.957464
Western Europe,-22.743437,31.908195
Western Europe,-22.755877,32.052383
Western Europe,-3.459012,27.07864
Western Europe,-3.3076913,27.565289
Western Europe,-3.548317,28.428162
Western Europe,-3.677859,28.801142
Western Europe,-4.9211473,30.064314
Western Europe,-4.419186,28.897583
Western Europe,-4.9189706,30.061504
Western Europe,-3.1718519,29.318766
Western Europe,-3.66183,36.302017
Western Europe,-4.49734,37.063263
Sub-Saharan Africa,44.125626,33.67065
Sub-Saharan Africa,44.628635,32.74656
Sub-Saharan Africa,37.48328,35.647068
Sub-Saharan Africa,37.44111,35.401505
Sub-Saharan Africa,56.47893,11.980478
Sub-Saharan Africa,53.209484,7.5444546
Sub-Saharan Africa,53.695766,11.725903
Sub-Saharan Africa,53.944893,11.311732
Sub-Saharan Africa,52.74866,11.666714
Sub-Saharan Africa,50.564384,10.269186
Sub-Saharan Africa,49.347023,10.201032
Sub-Saharan Africa,47.501923,9.365526
Sub-Saharan Africa,45.424614,9.874781
Sub-Saharan Africa,44.80254,9.653395
Sub-Saharan Africa,43.271507,9.766569
Western Europe,-57.452293,11.256364
Western Europe,-54.001247,8.98498
Western Europe,-54.988804,8.636798
Western Europe,-54.671665,26.307951
Western Europe,-52.388832,27.342999
Western Europe,-52.20561,27.394938
Western Europe,-51.28102,26.568573
Western Europe,-51.312862,26.467907
Western Europe,-54.80712,9.346877
Western Europe,-51.26225,26.554007
Western Europe,-52.205605,27.395826
Western Europe,-55.041443,8.630659
Western Europe,-54.753357,8.262336
Western Europe,-52.17613,25.731136
Latin America and Caribbean,-20.180016,-13.560703
Latin America and Caribbean,-20.109112,-13.407994
Latin America and Caribbean,-19.650757,-13.2136755
Latin America and Caribbean,-19.677029,-13.16483
Latin America and Caribbean,-19.829792,-12.995194
Latin America and Caribbean,-32.125134,-6.725117
Latin America and Caribbean,-34.910564,-6.3705997
Latin America and Caribbean,-36.117935,-6.2622046
Latin America and Caribbean,-36.449295,-6.0087028
Latin America and Caribbean,-36.225376,-6.2231307
Latin America and Caribbean,-35.406845,-6.649116
Latin America and Caribbean,-0.7862674,5.2694716
Latin America and Caribbean,-36.20713,-7.449057
Latin America and Caribbean,-0.76845276,5.2797856
Sub-Saharan Africa,32.329533,38.623764
Sub-Saharan Africa,30.297968,40.445522
Sub-Saharan Africa,29.303719,38.051792
Sub-Saharan Africa,33.97614,25.684093
Sub-Saharan Africa,32.01763,38.447407
Sub-Saharan Africa,36.659027,24.466215
Sub-Saharan Africa,34.05945,25.51426
Sub-Saharan Africa,34.162395,25.099121
Sub-Saharan Africa,38.173817,22.96385
Latin America and Caribbean,49.02044,3.6385279
Latin America and Caribbean,50.501045,3.4611747
Latin America and Caribbean,12.806658,53.481144
Latin America and Caribbean,50.692715,3.416622
Latin America and Caribbean,49.099068,4.6080084
Latin America and Caribbean,56.919067,17.233936
Latin America and Caribbean,49.00538,4.752047
Latin America and Caribbean,48.967022,3.648649
Latin America and Caribbean,56.91255,17.231499
Latin America and Caribbean,56.90158,17.206554
Latin America and Caribbean,56.870094,17.080025
Latin America and Caribbean,-20.658564,-11.3631935
Latin America and Caribbean,-17.828821,-10.037322
Latin America and Caribbean,-18.300255,-8.936393
Latin America and Caribbean,-20.039452,-9.352576
Latin America and Caribbean,-20.693968,-9.744322
Latin America and Caribbean,-39.25314,-2.9105442
Latin America and Caribbean,-21.486254,-8.448272
Latin America and Caribbean,-0.42008296,-8.672411
Latin America and Caribbean,-21.064754,-9.82466
Latin America and Caribbean,8.787163,4.3747277
Latin America and Caribbean,-37.998535,-5.995179
Latin America and Caribbean,-39.151833,-7.119805
Latin America and Caribbean,-39.55539,-6.783572
Latin America and Caribbean,-38.044277,-6.026748
East Asia,-32.770382,-20.138968
East Asia,-33.40969,-20.34518
East Asia,-47.556076,-8.214867
East Asia,-33.929382,-20.370802
East Asia,-33.16301,-19.773788
East Asia,-33.76298,-20.35262
East Asia,-25.259014,-38.020157
East Asia,-23.708109,-36.42489
East Asia,-24.259562,-37.606846
East Asia,-21.74743,-29.39671
East Asia,-19.140076,-32.04568
Central and Eastern Europe,-28.511936,-48.28231
Central and Eastern Europe,1.1864668,-51.81818
Central and Eastern Europe,-0.7090765,-56.136772
Central and Eastern Europe,-0.3377557,-55.891453
Central and Eastern Europe,0.19205178,-54.628593
Central and Eastern Europe,0.5744897,-53.596943
Central and Eastern Europe,-0.0040983805,-49.69108
Central and Eastern Europe,19.392588,-32.516827
Central and Eastern Europe,0.00866145,-49.68317
Central and Eastern Europe,-0.343863,-54.77532
Central and Eastern Europe,-3.5251477,-10.746523
Central and Eastern Europe,-1.536904,-53.419975
Central and Eastern Europe,-3.3697119,-10.481173
Central and Eastern Europe,13.27606,-11.603479
Western Europe,-13.33129,38.034096
Western Europe,-12.169322,40.880825
Western Europe,-14.382843,41.244335
Western Europe,-14.175536,41.498547
Western Europe,-14.163574,41.51317
Western Europe,-11.851186,41.804245
Western Europe,-5.9795566,39.159706
Western Europe,-6.1044645,39.722878
South Asia,45.668247,23.808231
South Asia,35.381516,40.801292
South Asia,48.111202,10.826968
South Asia,47.314095,10.662333
South Asia,46.710648,11.372171
South Asia,44.816048,12.561344
South Asia,44.740913,12.521999
South Asia,44.577785,12.389891
South Asia,42.659912,-0.4995689
South Asia,41.00092,-3.5844648
South Asia,34.623898,-11.143379
South Asia,42.740906,-15.094356
South Asia,-18.356638,-35.61851
South Asia,-18.337612,-35.693813
South Asia,-26.604763,-1.245762
Southeast Asia,-5.9990726,-60.07989
Southeast Asia,-6.016201,-60.057274
Southeast Asia,-7.053818,-58.815815
Southeast Asia,-48.43501,-16.9225
Southeast Asia,-48.819153,-16.843603
Southeast Asia,-48.53102,-16.79917
Southeast Asia,-48.547337,-16.704042
Southeast Asia,-48.607655,-16.282473
Southeast Asia,-48.993004,-16.449469
Southeast Asia,-48.61842,-14.607321
Southeast Asia,-48.589252,-13.925086
Southeast Asia,-48.614433,-14.318339
Southeast Asia,-48.58961,-13.552061
Southeast Asia,-48.75205,-10.057874
Middle East and North Africa,-20.307102,-31.517616
Middle East and North Africa,-21.032873,-26.714594
Middle East and North Africa,-21.127382,-26.864138
Middle East and North Africa,-24.766956,-36.19487
Middle East and North Africa,-22.277887,-33.7309
Middle East and North Africa,-21.5638,-31.305199
Middle East and North Africa,-25.13219,-36.2496
Middle East and North Africa,-24.380041,-36.01828
Middle East and North Africa,-25.220768,-36.27973
Middle East and North Africa,-22.790714,-30.423162
Middle East and North Africa,-20.617765,-31.342972
Middle East and North Africa,-20.69282,-31.334827
Middle East and North Africa,-20.627705,-31.330166
Middle East and North Africa,20.652617,45.97833
Middle East and North Africa,43.976448,-2.4238617
Middle East and North Africa,38.9682,-8.580136
Middle East and North Africa,39.0843,-8.353448
Middle East and North Africa,43.206223,-5.1106324
Middle East and North Africa,42.217587,-3.1483626
Middle East and North Africa,43.27388,-1.2402894
Middle East and North Africa,21.884365,45.089653
Middle East and North Africa,43.924984,-2.3568146
Middle East and North Africa,34.689682,-11.008791
Middle East and North Africa,17.261028,-40.001106
Middle East and North Africa,-19.893986,-28.575943
Western Europe,-50.98402,-4.8413973
Western Europe,-12.965648,37.378292
Western Europe,-12.593257,36.65063
Western Europe,-13.125548,37.33129
Western Europe,-13.771604,36.862743
Western Europe,-12.441528,36.664047
Western Europe,-12.92438,36.707672
Western Europe,-13.278127,35.292004
Western Europe,-9.216891,31.153767
Western Europe,-4.81527,30.47012
Western Europe,-5.3236246,31.09439
Western Europe,-4.2720957,32.257294
Western Europe,-4.092669,32.192425
Western Europe,-3.739948,36.401585
Middle East and North Africa,-47.911293,26.293318
Middle East and North Africa,-48.36213,26.121624
Middle East and North Africa,-47.471565,25.641323
Middle East and North Africa,-47.472958,26.009436
Middle East and North Africa,-47.40072,25.685867
Middle East and North Africa,-47.381622,25.674261
Middle East and North Africa,-48.556873,26.183428
Middle East and North Africa,-47.38316,25.672632
Middle East and North Africa,-52.43694,14.957
Middle East and North Africa,-52.84461,15.336331
Middle East and North Africa,-52.318146,15.495736
Middle East and North Africa,-52.311127,15.653781
Middle East and North Africa,-52.217293,15.79899
Middle East and North Africa,-52.039013,15.953072
Middle East and North Africa,-52.556873,14.153122
Western Europe,-23.444324,31.10552
Western Europe,-23.443863,31.246141
Western Europe,-23.478807,32.1734
Western Europe,-27.441954,30.115868
Western Europe,-24.444246,33.332325
Western Europe,-23.43515,33.246307
Western Europe,-25.901806,31.563894
Western Europe,-47.701744,22.124338
Western Europe,-49.747284,23.184187
Western Europe,-47.701748,22.124336
Western Europe,-47.449814,21.83227
Western Europe,-26.4699,32.69569
Western Europe,-26.632742,33.42686
Western Europe,-26.674475,33.635643
Western Europe,-54.280437,24.73015
Sub-Saharan Africa,33.40299,32.654083
Sub-Saharan Africa,53.210896,10.252018
Sub-Saharan Africa,53.12538,10.334371
Sub-Saharan Africa,52.6716,10.094867
Sub-Saharan Africa,51.572292,12.762702
Sub-Saharan Africa,52.605896,9.985571
Sub-Saharan Africa,51.552235,12.750113
Sub-Saharan Africa,52.83891,8.375163
Sub-Saharan Africa,51.526814,12.772874
Latin America and Caribbean,-42.564472,-0.46075827
Latin America and Caribbean,0.91983193,-40.85127
Latin America and Caribbean,-37.903812,-17.969734
Latin America and Caribbean,-31.326612,-12.864594
Latin America and Caribbean,-3.1302662,-9.387861
Latin America and Caribbean,-3.4448433,-9.66175
East Asia,-52.08028,8.098247
East Asia,-51.77234,8.512232
East Asia,-52.762325,8.284484
East Asia,-52.894077,8.200026
East Asia,-52.599663,8.632154
East Asia,-52.423756,8.644745
East Asia,-52.234974,9.1138
East Asia,-51.68041,9.666276
East Asia,-51.734592,9.672083
East Asia,-51.116413,9.967554
East Asia,-51.131615,10.062144
East Asia,-50.344288,11.27831
East Asia,-50.06302,11.523117
East Asia,-49.435665,12.53181
East Asia,-51.831913,9.330346
Middle East and North Africa,-23.337595,-33.705242
Middle East and North Africa,40.127926,-20.649967
Middle East and North Africa,34.963932,-21.128437
Middle East and North Africa,34.70643,-21.94031
Middle East and North Africa,32.104324,-22.958004
Middle East and North Africa,36.05401,-20.702946
Middle East and North Africa,38.571175,-18.830769
Middle East and North Africa,40.105602,-20.579617
Middle East and North Africa,37.97115,-18.407337
Middle East and North Africa,32.392914,-23.506813
Middle East and North Africa,32.40533,-23.635185
Middle East and North Africa,34.78805,-20.997469
Middle East and North Africa,17.127348,-14.373478
Middle East and North Africa,17.74855,-14.115624
Middle East and North Africa,16.92145,-14.457182
Commonwealth of Independent States,42.003128,9.232276
Commonwealth of Independent States,42.08624,-1.0461954
Commonwealth of Independent States,31.602995,-13.618724
Commonwealth of Independent States,26.553177,-29.902493
Commonwealth of Independent States,27.749714,-23.10301
Commonwealth of Independent States,27.128372,-21.076069
Commonwealth of Independent States,15.593831,-36.369984
Commonwealth of Independent States,27.830961,-23.255514
Commonwealth of Independent States,-30.57122,-22.977642
Commonwealth of Independent States,13.454138,-13.231358
Commonwealth of Independent States,23.248598,-19.616312
Commonwealth of Independent States,9.84468,-0.42871746
Commonwealth of Independent States,26.787838,-20.59768
Commonwealth of Independent States,-4.8531694,-2.4645612
Commonwealth of Independent States,25.892313,-19.81459
Sub-Saharan Africa,41.62455,35.63056
Sub-Saharan Africa,42.16055,34.68525
Sub-Saharan Africa,41.730324,31.613392
Sub-Saharan Africa,42.753086,30.253252
Sub-Saharan Africa,42.085693,29.355055
Sub-Saharan Africa,44.682842,21.706543
Sub-Saharan Africa,44.880512,20.428238
Sub-Saharan Africa,41.84966,14.168393
Sub-Saharan Africa,43.222378,10.318984
Sub-Saharan Africa,42.98774,7.955914
Sub-Saharan Africa,41.042763,-4.7971215
Sub-Saharan Africa,32.610584,-9.301698
Sub-Saharan Africa,-25.831322,1.001419
Sub-Saharan Africa,-26.617844,0.71680707
Sub-Saharan Africa,-27.721584,-24.372107
Central and Eastern Europe,-27.919561,-50.57458
Central and Eastern Europe,-30.796183,-20.820969
Central and Eastern Europe,-28.689848,-50.1574
Central and Eastern Europe,-32.129986,-49.469795
Central and Eastern Europe,-32.07323,-49.457985
Central and Eastern Europe,-28.23384,-49.370975
Central and Eastern Europe,-31.990494,-49.435345
Central and Eastern Europe,-18.621946,-32.070488
Central and Eastern Europe,-18.796698,-10.548831
Central and Eastern Europe,-30.44046,-41.98879
Central and Eastern Europe,-37.769356,-17.308702
Central and Eastern Europe,-48.27784,-0.3941254
Central and Eastern Europe,-48.08025,-1.2103482
Central and Eastern Europe,-37.899265,-17.921295
Middle East and North Africa,6.6160564,-4.2680874
Middle East and North Africa,-32.282707,-21.130177
Middle East and North Africa,13.382179,-13.400922
Middle East and North Africa,-30.53852,-11.070961
Middle East and North Africa,-34.618732,-5.4296327
Middle East and North Africa,-22.287067,-9.685858
Middle East and North Africa,-30.667896,-21.301823
Middle East and North Africa,-32.33002,-20.658894
Middle East and North Africa,25.395504,-20.134687
Middle East and North Africa,-25.831299,-38.30497
Middle East and North Africa,25.509037,-20.30289
Commonwealth of Independent States,20.624634,-36.69091
Commonwealth of Independent States,6.000546,-64.51238
Commonwealth of Independent States,6.001289,-64.51426
Commonwealth of Independent States,7.628961,-59.19742
Commonwealth of Independent States,5.975456,-64.55193
Commonwealth of Independent States,6.0140615,-64.52623
Commonwealth of Independent States,7.7295103,-59.244762
Commonwealth of Independent States,1.5559182,-46.461613
Commonwealth of Independent States,-39.555172,-17.208288
Commonwealth of Independent States,-36.165012,-11.594944
Commonwealth of Independent States,-46.43019,-0.995604
Commonwealth of Independent States,-36.995007,-4.776129
Commonwealth of Independent States,-47.84759,-0.92016464
Commonwealth of Independent States,-36.378864,-8.812382
Commonwealth of Independent States,-46.968395,-1.0678713
Southeast Asia,43.550602,3.941059
Southeast Asia,43.5349,3.8000531
Southeast Asia,43.61857,3.7635565
Southeast Asia,43.54349,3.3122916
Southeast Asia,44.53036,5.719201
Southeast Asia,42.781963,8.598606
Southeast Asia,41.537647,-1.7943969
Southeast Asia,41.403522,-5.768415
Southeast Asia,33.140533,-9.4777565
Central and Eastern Europe,-0.6392387,-59.349266
Central and Eastern Europe,-0.68291557,-58.97977
Central and Eastern Europe,-0.86342657,-58.342712
Central and Eastern Europe,-1.2619992,-60.02318
Central and Eastern Europe,-29.229296,-49.283653
Central and Eastern Europe,-3.8530042,-54.854702
Central and Eastern Europe,22.063625,-27.154427
Central and Eastern Europe,20.106821,-27.675121
Central and Eastern Europe,23.439793,-26.471579
Central and Eastern Europe,16.796724,-37.12893
Central and Eastern Europe,23.752338,-26.282087
Central and Eastern Europe,24.953915,-25.284588
Central and Eastern Europe,24.939272,-25.263502
Central and Eastern Europe,14.330703,-10.739352
Middle East and North Africa,-28.674576,-48.687195
Middle East and North Africa,-29.343027,-48.25675
Middle East and North Africa,-30.556435,-49.03146
Middle East and North Africa,-30.490728,-48.027767
Middle East and North Africa,-30.325153,-48.139523
Middle East and North Africa,-29.877651,-48.124557
Middle East and North Africa,-21.125118,-27.869478
Middle East and North Africa,-30.490965,-47.893105
Middle East and North Africa,-29.276405,-48.445286
Middle East and North Africa,-21.014194,-25.825676
Middle East and North Africa,-20.988834,-27.798668
Middle East and North Africa,3.099388,-59.311375
Middle East and North Africa,3.5584304,-59.557552
Middle East and North Africa,16.412952,-40.177166
Sub-Saharan Africa,39.94978,28.110882
Sub-Saharan Africa,38.315086,25.36203
Sub-Saharan Africa,38.23269,27.19846
Sub-Saharan Africa,37.885834,25.699135
Sub-Saharan Africa,30.462002,38.08664
Sub-Saharan Africa,21.56118,49.96825
Sub-Saharan Africa,33.391388,31.285433
Sub-Saharan Africa,15.160479,52.415905
Sub-Saharan Africa,16.191896,54.748657
Sub-Saharan Africa,35.99343,23.289272
Sub-Saharan Africa,37.14606,23.812378
Sub-Saharan Africa,38.89182,21.647444
Sub-Saharan Africa,40.25931,16.628086
Middle East and North Africa,18.164988,-27.597761
Middle East and North Africa,31.822428,-23.056908
Middle East and North Africa,16.574108,-14.501534
Middle East and North Africa,-24.768644,-35.046482
Middle East and North Africa,21.665878,-19.902138
Middle East and North Africa,21.39326,-19.758945
Central and Eastern Europe,-0.60892594,-59.472736
Central and Eastern Europe,-0.52945256,-58.808975
Central and Eastern Europe,-0.8097654,-58.4495
Central and Eastern Europe,-1.2497352,-59.99736
Central and Eastern Europe,-1.4141243,-60.258877
Central and Eastern Europe,-0.66458213,-57.077595
Central and Eastern Europe,-0.5656789,-56.76324
Central and Eastern Europe,-0.489341,-56.375572
Central and Eastern Europe,-0.6898126,-56.03945
Central and Eastern Europe,-0.66749257,-56.047832
Central and Eastern Europe,-0.19417422,-55.36209
Central and Eastern Europe,24.91605,-25.256357
Central and Eastern Europe,19.370024,-32.1737
Central and Eastern Europe,26.758595,-22.14751
Central and Eastern Europe,27.01016,-22.471436
Western Europe,-5.7007594,29.04533
Western Europe,-4.2920175,30.10103
Western Europe,-6.8980403,31.016378
Western Europe,-5.9369707,31.127172
Western Europe,-3.1521475,30.989803
Western Europe,-4.7643676,32.640182
Western Europe,-3.9046295,37.495926
Western Europe,-4.2225494,36.846355
Western Europe,-4.222709,36.84855
Western Europe,-4.222429,36.84638
Western Europe,-3.9052927,37.502724
Sub-Saharan Africa,41.490376,35.27301
Sub-Saharan Africa,26.38274,26.919039
Sub-Saharan Africa,14.56399,52.49441
Sub-Saharan Africa,36.003956,15.764407
Sub-Saharan Africa,28.763569,26.014217
Sub-Saharan Africa,37.009876,15.460834
Sub-Saharan Africa,37.711174,14.94373
Sub-Saharan Africa,39.541542,13.0244465
Sub-Saharan Africa,42.10629,-1.6701622
Sub-Saharan Africa,41.479958,-5.705551
Sub-Saharan Africa,34.00542,-10.158067
Sub-Saharan Africa,32.26785,40.80657
Sub-Saharan Africa,33.086494,40.502937
Sub-Saharan Africa,44.716724,32.132442
Sub-Saharan Africa,32.815502,37.760086
Sub-Saharan Africa,33.139393,40.0767
Sub-Saharan Africa,31.657438,39.84946
Sub-Saharan Africa,30.188179,40.254383
Sub-Saharan Africa,29.960812,40.048622
Sub-Saharan Africa,28.574997,38.41475
Sub-Saharan Africa,28.961187,37.36576
Sub-Saharan Africa,25.883564,38.355656
Sub-Saharan Africa,15.304728,50.326412
Southeast Asia,-41.446125,-11.647807
Southeast Asia,-36.986458,-5.694134
Southeast Asia,-39.28297,-2.890832
Southeast Asia,-33.545128,-7.1129165
Southeast Asia,-32.775925,-12.549355
Southeast Asia,-33.713608,-7.0680566
Southeast Asia,-37.446278,-8.975374
Southeast Asia,-35.296364,-18.014456
Southeast Asia,-48.792473,-6.541193
Southeast Asia,-18.131294,-7.8341923
Southeast Asia,-46.170715,-2.0711958
Southeast Asia,-42.887726,-6.328592
South Asia,-54.73726,10.623741
Sub-Saharan Africa,40.642544,35.215656
Sub-Saharan Africa,37.626575,32.519714
Sub-Saharan Africa,41.049667,31.977785
Sub-Saharan Africa,40.733902,31.612007
Sub-Saharan Africa,39.300926,28.251595
Sub-Saharan Africa,39.140152,27.723087
Sub-Saharan Africa,39.83772,27.592112
Sub-Saharan Africa,39.627266,28.151787
Sub-Saharan Africa,39.875614,27.6559
Sub-Saharan Africa,38.394844,25.054447
Sub-Saharan Africa,38.485825,25.08057
Sub-Saharan Africa,37.08206,24.594254
Sub-Saharan Africa,38.361115,25.017962
Western Europe,-50.50212,23.328651
Western Europe,-50.91614,23.76795
Western Europe,-50.916,23.767406
Western Europe,-50.91625,23.768625
Western Europe,-51.69313,24.11924
Western Europe,-51.69313,24.119238
Western Europe,-49.38164,22.125904
Western Europe,-49.28244,21.833952
Western Europe,-25.616493,30.567636
Western Europe,-23.864714,30.363728
Western Europe,-23.706264,30.383564
Western Europe,-52.237484,23.881516
Sub-Saharan Africa,58.27515,10.855087
Sub-Saharan Africa,56.60186,11.336573
Sub-Saharan Africa,55.71718,11.10429
Sub-Saharan Africa,55.509487,11.000393
Sub-Saharan Africa,54.906357,10.930363
Sub-Saharan Africa,57.297672,12.810691
Sub-Saharan Africa,54.918846,10.931679
Sub-Saharan Africa,49.451958,16.41025
Sub-Saharan Africa,49.32814,16.610464
Sub-Saharan Africa,49.46671,16.376934
Sub-Saharan Africa,48.443867,8.715503
Sub-Saharan Africa,49.50769,16.238327
Sub-Saharan Africa,45.19635,9.760385
Sub-Saharan Africa,-34.456535,-17.974585
Sub-Saharan Africa,-39.92407,-2.6920238
Sub-Saharan Africa,-45.251877,-3.7661023
Sub-Saharan Africa,-39.147575,-12.472758
Sub-Saharan Africa,-3.4205253,-3.1663623
Sub-Saharan Africa,-5.032736,-0.30564246
Sub-Saharan Africa,-6.879493,1.6191299
Latin America and Caribbean,-31.808,-10.87366
Latin America and Caribbean,7.2267814,-1.6183445
Latin America and Caribbean,8.3061695,-3.2293754
Latin America and Caribbean,8.709319,-2.8921103
Latin America and Caribbean,2.7465787,-0.042980827
Latin America and Caribbean,-0.2782044,0.26906544
Latin America and Caribbean,4.559302,-1.8874944
Latin America and Caribbean,7.8712854,-2.5653057
Latin America and Caribbean,5.5098915,-2.6546042
Latin America and Caribbean,10.435715,-7.3875866
Latin America and Caribbean,7.9576855,-3.0158827
Latin America and Caribbean,-0.63537693,0.010805188
Latin America and Caribbean,6.95078,-3.8935254
Latin America and Caribbean,-1.9082577,-0.57468843
Latin America and Caribbean,-0.8269648,-1.1234415
Commonwealth of Independent States,5.121359,-62.335266
Commonwealth of Independent States,5.0309243,-62.666584
Commonwealth of Independent States,3.8138173,-63.39642
Commonwealth of Independent States,4.8412995,-62.653564
Commonwealth of Independent States,4.8083286,-62.41244
Commonwealth of Independent States,4.529425,-62.57031
Commonwealth of Independent States,2.6982853,-63.4803
Commonwealth of Independent States,3.7685976,-63.410892
Commonwealth of Independent States,4.803978,-62.286083
Commonwealth of Independent States,4.648496,-62.437016
Commonwealth of Independent States,2.4682565,-62.46421
Commonwealth of Independent States,2.5331268,-62.216827
Commonwealth of Independent States,-4.378963,-51.72651
Commonwealth of Independent States,16.26147,-38.88756
Commonwealth of Independent States,-1.3218915,-41.61248
East Asia,39.63386,-2.4784915
East Asia,31.922125,-12.834414
East Asia,-7.3839617,-58.564644
East Asia,-7.697894,-58.374588
East Asia,-7.7486367,-58.34982
East Asia,-26.382742,-49.225426
East Asia,-26.900583,-49.03429
East Asia,-26.991848,-48.886047
East Asia,-27.364153,-47.33449
East Asia,-20.21634,-27.025932
East Asia,-19.760782,-28.75591
East Asia,-22.84106,-26.00464
East Asia,-20.246836,-30.023323
Central and Eastern Europe,21.065716,-23.334963
Central and Eastern Europe,20.571589,-22.829782
Central and Eastern Europe,20.75678,-23.219639
Central and Eastern Europe,20.824013,-23.738394
Central and Eastern Europe,20.743898,-23.275074
Central and Eastern Europe,20.869322,-24.475584
Central and Eastern Europe,-21.91402,-29.253313
Central and Eastern Europe,20.767065,-24.314074
Central and Eastern Europe,19.385105,-33.112625
Central and Eastern Europe,20.122755,-24.162807
Central and Eastern Europe,20.081423,-26.142351
Central and Eastern Europe,20.46757,-23.926535
Central and Eastern Europe,-26.725243,-38.936565
Middle East and North Africa,1.5332068,-46.373863
Middle East and North Africa,15.739519,-35.932774
Middle East and North Africa,40.736958,-20.697317
Middle East and North Africa,8.69396,6.280303
Middle East and North Africa,41.531796,-16.462175
Middle East and North Africa,18.47246,-15.420788
Middle East and North Africa,36.20004,-22.72594
Middle East and North Africa,35.975937,-22.690815
Middle East and North Africa,40.972424,-18.954844
Middle East and North Africa,36.411133,-22.772274
Sub-Saharan Africa,41.0339,36.383186
Sub-Saharan Africa,43.320847,34.431076
Sub-Saharan Africa,37.58182,32.51095
Sub-Saharan Africa,26.571236,34.28784
Sub-Saharan Africa,15.630246,51.70864
Sub-Saharan Africa,36.647667,24.458206
Sub-Saharan Africa,39.14647,24.387346
Sub-Saharan Africa,26.229387,35.04479
Southeast Asia,43.756176,2.912707
Southeast Asia,43.36147,3.158842
Southeast Asia,43.18916,3.170685
Southeast Asia,42.873165,3.2414014
Southeast Asia,41.59522,3.4300005
Southeast Asia,41.497494,-1.833466
Southeast Asia,41.22865,-5.8146434
Southeast Asia,32.621513,-9.8262415
Southeast Asia,32.57052,-9.095409
Sub-Saharan Africa,58.52023,10.728301
Sub-Saharan Africa,54.657967,11.565674
Sub-Saharan Africa,49.699886,9.970757
Sub-Saharan Africa,49.35207,9.606946
Sub-Saharan Africa,48.324627,9.522152
Sub-Saharan Africa,45.592396,9.926522
South Asia,39.39816,15.610501
South Asia,48.842537,3.5905292
South Asia,43.13689,3.9630737
South Asia,39.63704,-1.3565673
South Asia,31.731358,-13.411034
South Asia,31.956968,-12.756202
South Asia,33.489174,-9.165747
South Asia,13.711927,-25.513569
South Asia,-17.258211,-32.521835
South Asia,-18.145554,-35.643303
South Asia,-20.546993,-36.960934
South Asia,-21.874176,-37.226616
South Asia,-21.597265,-35.648323
South Asia,-21.997925,-36.08541
Western Europe,-18.405401,30.912346
Western Europe,-12.5813875,36.882603
Western Europe,-12.859549,36.191467
Western Europe,-13.704275,36.268772
Western Europe,-13.582841,36.197876
Western Europe,-12.614422,36.11033
Western Europe,-13.754653,36.67408
Western Europe,-13.249862,37.15133
Western Europe,-12.466068,35.496147
Western Europe,-9.248375,31.188332
Western Europe,-12.808696,34.709362
Western Europe,-5.3896284,32.782665
Western Europe,-3.9817414,33.365868
Western Europe,-2.8600461,37.415585
North America and ANZ,-55.520344,16.010517
North America and ANZ,-55.396793,15.949512
North America and ANZ,-55.382366,16.092978
North America and ANZ,-55.298058,16.23973
North America and ANZ,-55.250202,16.538424
North America and ANZ,-50.862072,17.978508
North America and ANZ,-50.70438,17.98293
North America and ANZ,-50.509148,18.311417
North America and ANZ,-49.402832,18.84294
North America and ANZ,-48.584675,19.566387
North America and ANZ,-47.962734,19.748686
North America and ANZ,-27.229029,33.874653
North America and ANZ,-15.661349,45.082253
North America and ANZ,-50.518864,18.622288
Latin America and Caribbean,-21.037,-10.707734
Latin America and Caribbean,-36.44881,-5.640031
Latin America and Caribbean,-32.65402,-10.249603
Latin America and Caribbean,-20.549345,-10.164466
Latin America and Caribbean,-32.38514,-10.762885
Latin America and Caribbean,-31.230835,-9.52614
Latin America and Caribbean,-37.89299,-7.99175
Latin America and Caribbean,-39.098316,-7.189662
Latin America and Caribbean,-33.40232,-11.534824
Latin America and Caribbean,-33.215782,-11.396852
Latin America and Caribbean,-20.447025,-9.535048
Latin America and Caribbean,-38.40966,-7.921294
Latin America and Caribbean,-32.64527,-11.026223
Latin America and Caribbean,-39.200848,-7.273737
Sub-Saharan Africa,43.65978,35.703217
Sub-Saharan Africa,42.158062,34.68223
Sub-Saharan Africa,32.18731,39.20787
Sub-Saharan Africa,41.063957,31.988785
Sub-Saharan Africa,39.582924,31.754578
Sub-Saharan Africa,39.864082,27.624088
Sub-Saharan Africa,32.821934,31.709053
Sub-Saharan Africa,38.00264,29.188034
Sub-Saharan Africa,39.181152,27.665869
Sub-Saharan Africa,39.09122,27.85306
Sub-Saharan Africa,36.684757,24.474194
Sub-Saharan Africa,32.049522,38.354046
Sub-Saharan Africa,32.45916,37.554726
Sub-Saharan Africa,36.730167,23.689693
Sub-Saharan Africa,59.032753,10.787134
Sub-Saharan Africa,58.812195,11.553359
Sub-Saharan Africa,57.415703,11.16799
Sub-Saharan Africa,57.554085,12.393017
Sub-Saharan Africa,56.927288,10.82461
Sub-Saharan Africa,53.250156,7.7941394
Sub-Saharan Africa,52.97101,10.771957
Sub-Saharan Africa,54.364178,9.856335
Sub-Saharan Africa,54.38709,8.747299
Sub-Saharan Africa,54.53576,7.851598
Sub-Saharan Africa,54.21006,8.809116
Sub-Saharan Africa,54.56466,10.161168
Sub-Saharan Africa,52.92197,7.9396534
Western Europe,-27.694069,-22.860693
Western Europe,-23.414345,-35.534126
Western Europe,-31.158396,-22.567682
Western Europe,-24.51475,-34.55574
Western Europe,-23.309113,-35.467773
Western Europe,-22.477259,-35.551495
Western Europe,-22.454075,-35.418613
Central and Eastern Europe,-20.241615,-26.51982
Central and Eastern Europe,19.765856,-26.539751
Central and Eastern Europe,19.672705,-33.745117
Central and Eastern Europe,17.306652,-37.609074
Central and Eastern Europe,3.4077287,-54.02946
Central and Eastern Europe,-21.254412,-27.377556
Central and Eastern Europe,-21.185871,-27.30536
Central and Eastern Europe,20.570002,-26.84212
Central and Eastern Europe,-21.013954,-26.187511
Central and Eastern Europe,19.485151,-33.8115
Central and Eastern Europe,-3.8123772,-54.796585
Central and Eastern Europe,-28.737968,-48.071
Central and Eastern Europe,-27.262585,-39.350773
Western Europe,-6.850966,31.017147
Western Europe,-4.7078238,27.741785
Western Europe,-5.8558197,30.682117
Western Europe,-3.6550157,38.82506
Western Europe,-14.492737,41.27365
Western Europe,-5.8109636,39.745193
Western Europe,-11.3118305,41.672466
Western Europe,-13.114828,45.805965
Western Europe,-13.42938,46.515324
Western Europe,-14.014705,47.089703
South Asia,35.52732,40.81389
South Asia,25.066904,27.190845
South Asia,25.362991,27.5849
South Asia,25.306961,27.497915
South Asia,48.876976,3.5947824
South Asia,25.249933,27.407118
South Asia,25.18942,27.395786
South Asia,27.62779,27.873375
South Asia,19.800638,50.54362
South Asia,17.814133,49.51409
South Asia,43.462944,9.7226925
South Asia,53.25217,15.56367
South Asia,21.840532,45.119083
South Asia,40.771065,-3.4504201
Middle East and North Africa,-19.519297,-28.57343
Middle East and North Africa,41.94939,-17.82203
Middle East and North Africa,42.529316,-17.303528
Middle East and North Africa,41.401855,-17.359344
Middle East and North Africa,41.046688,-17.292082
Middle East and North Africa,40.840107,-17.384874
Middle East and North Africa,41.13461,-17.245974
Middle East and North Africa,40.92371,-17.527466
Middle East and North Africa,40.950947,-17.84319
Middle East and North Africa,40.930717,-17.648354
Middle East and North Africa,40.939217,-17.679462
Middle East and North Africa,41.51172,-17.979967
Middle East and North Africa,-20.854559,-30.89456
Middle East and North Africa,-20.828754,-30.670023
Latin America and Caribbean,0.38721764,-39.930317
Latin America and Caribbean,-42.641945,-0.44187716
Latin America and Caribbean,-22.018248,-7.1453133
Latin America and Caribbean,-22.229061,-7.0444665
Latin America and Caribbean,-22.194277,-7.1129804
Latin America and Caribbean,-37.474277,-9.3005905
Latin America and Caribbean,-31.999393,-11.402647
Latin America and Caribbean,-32.46711,-11.400274
Latin America and Caribbean,-39.39276,-8.650366
Latin America and Caribbean,-39.09536,-8.693635
Latin America and Caribbean,-1.0280269,-0.29829377
Latin America and Caribbean,-1.8083938,-0.100853726
Latin America and Caribbean,-1.087647,0.19118147
Latin America and Caribbean,-1.7100072,-10.204191
Latin America and Caribbean,-20.72616,-10.568996
Latin America and Caribbean,-42.586807,-0.44682294
Latin America and Caribbean,-42.471565,-0.45145765
Latin America and Caribbean,-21.231932,-11.632989
Latin America and Caribbean,-21.05125,-11.322086
Latin America and Caribbean,-18.331787,-9.548911
Latin America and Caribbean,-18.252201,-9.397442
Latin America and Caribbean,-47.2157,-0.87301815
Latin America and Caribbean,-23.362997,-10.115644
Latin America and Caribbean,-32.2181,-9.631467
Latin America and Caribbean,-4.8470936,-2.469614
Latin America and Caribbean,-37.451843,-8.054907
Latin America and Caribbean,-41.12553,-6.9521003
Latin America and Caribbean,6.4008694,-56.680367
Latin America and Caribbean,1.3888577,-42.702843
Latin America and Caribbean,1.6836367,-43.15411
Latin America and Caribbean,0.29557478,-10.421456
Latin America and Caribbean,0.6483507,-9.839037
Latin America and Caribbean,5.1654415,4.1303177
Latin America and Caribbean,0.038882487,-10.337593
Latin America and Caribbean,0.24542375,-9.620383
Latin America and Caribbean,-0.29440984,-10.123728
Latin America and Caribbean,-2.6897628,-10.067052
Latin America and Caribbean,-1.3906261,-10.10074
Latin America and Caribbean,-0.092711404,-41.38421
Latin America and Caribbean,0.037551206,-41.370117
Latin America and Caribbean,-1.3831182,-10.014882
Southeast Asia,13.567646,-25.138937
Southeast Asia,-24.65774,0.35072294
Southeast Asia,-26.168726,-0.4792072
Southeast Asia,-25.966753,-0.38718128
Southeast Asia,-26.442406,-0.61461
Southeast Asia,-26.965883,-1.0857242
Southeast Asia,-27.479046,-1.4372452
Southeast Asia,-27.759338,-1.7033005
Southeast Asia,-28.198963,-2.0566316
Southeast Asia,-0.5818818,6.273393
Southeast Asia,0.094973,6.40208
Southeast Asia,1.3343679,6.3807173
Southeast Asia,1.373333,6.3378634
Southeast Asia,1.2038889,6.253771
Southeast Asia,1.4047835,6.30919
Central and Eastern Europe,-37.855793,-18.294535
Central and Eastern Europe,0.6186379,-40.51186
Central and Eastern Europe,-29.579622,-42.45873
Central and Eastern Europe,-37.76801,-17.56394
Central and Eastern Europe,-1.2379236,-41.525406
Central and Eastern Europe,-35.725315,-9.414176
Central and Eastern Europe,0.4132354,-41.248955
Central and Eastern Europe,-0.13120449,-40.38628
Central and Eastern Europe,13.42066,-11.632082
Central and Eastern Europe,-2.2353044,-3.9278502
Central and Eastern Europe,26.962055,-21.63686
Central and Eastern Europe,11.842703,-10.173596
Central and Eastern Europe,12.748001,-10.803197
Central and Eastern Europe,-45.007256,-10.362958
Western Europe,-6.4842563,-6.444456
Western Europe,-52.65898,6.8060174
Western Europe,-54.92214,9.697589
Western Europe,-54.970562,9.6175165
Western Europe,-49.406315,24.606813
Western Europe,-49.446465,24.648808
Western Europe,-50.058594,24.14864
Western Europe,-52.05281,24.652243
Western Europe,-51.550846,26.476358
Western Europe,-54.149197,25.623404
Western Europe,-53.56748,26.401278
Western Europe,-53.82845,26.207727
Western Europe,-52.14096,27.313162
Central and Eastern Europe,-28.701149,-42.019863
Central and Eastern Europe,-1.9256376,-58.37017
Central and Eastern Europe,-0.9415343,-57.369617
Central and Eastern Europe,2.4403713,-52.847046
Central and Eastern Europe,-1.7907813,-56.881847
Central and Eastern Europe,2.4849384,-52.845676
Central and Eastern Europe,0.6460237,-53.442554
Central and Eastern Europe,-0.071343936,-52.824345
Central and Eastern Europe,-0.7971575,-42.747505
Central and Eastern Europe,-3.232966,-50.62313
Central and Eastern Europe,-0.8168538,-42.143566
Central and Eastern Europe,-0.81213284,-42.141014
Central and Eastern Europe,-3.1955147,-50.58359
Commonwealth of Independent States,39.666958,-1.2952617
Commonwealth of Independent States,31.653137,-13.450168
Commonwealth of Independent States,7.984709,-62.194187
Commonwealth of Independent States,0.036477685,-60.206367
Commonwealth of Independent States,0.034280397,-60.21331
Commonwealth of Independent States,0.03254725,-60.218433
Commonwealth of Independent States,0.026822623,-60.203705
Commonwealth of Independent States,-0.08516201,-60.22307
Commonwealth of Independent States,16.988007,-36.645454
Commonwealth of Independent States,-0.034955636,-61.12624
Commonwealth of Independent States,-0.38476935,-58.834972
Commonwealth of Independent States,14.708266,-10.307884
Commonwealth of Independent States,17.040691,-36.826153
Commonwealth of Independent States,19.355501,-31.96112
Commonwealth of Independent States,22.154984,-27.282568
Sub-Saharan Africa,42.568195,36.38941
Sub-Saharan Africa,29.914843,40.83577
Sub-Saharan Africa,31.413263,39.881763
Sub-Saharan Africa,33.425884,38.91607
Sub-Saharan Africa,38.028454,17.236572
Sub-Saharan Africa,39.79919,13.793237
Sub-Saharan Africa,41.749245,-1.7247394
Sub-Saharan Africa,33.941185,-10.169819
Sub-Saharan Africa,-24.053625,-0.09697859
Sub-Saharan Africa,-25.865374,-0.6681933
Sub-Saharan Africa,-26.98887,-1.6324403
Sub-Saharan Africa,-30.241123,-23.690056
Middle East and North Africa,-30.433176,-21.526756
Middle East and North Africa,-21.652729,-10.408326
Middle East and North Africa,-28.083435,-22.85866
Middle East and North Africa,11.326672,-8.550947
Middle East and North Africa,18.187393,-27.620201
Middle East and North Africa,13.958152,-12.075152
Middle East and North Africa,14.185447,-11.998335
Middle East and North Africa,10.397441,-7.351331
Middle East and North Africa,21.599497,-19.89083
Middle East and North Africa,12.036082,-13.210248
Middle East and North Africa,4.4404535,-2.7747319
Middle East and North Africa,4.532697,-2.8387802
Middle East and North Africa,0.10807188,-1.9710345
Middle East and North Africa,12.485486,-11.117378
Middle East and North Africa,0.1272914,-2.0085518
Sub-Saharan Africa,41.80066,35.53497
Sub-Saharan Africa,41.914703,34.36706
Sub-Saharan Africa,41.992775,29.965244
Sub-Saharan Africa,42.154106,29.756962
Sub-Saharan Africa,42.04459,28.402088
Sub-Saharan Africa,33.550804,38.776646
Sub-Saharan Africa,40.02842,16.090769
Sub-Saharan Africa,39.81811,15.176685
Sub-Saharan Africa,39.73371,13.974039
Sub-Saharan Africa,39.252186,12.316994
Sub-Saharan Africa,42.438698,-2.6387596
Sub-Saharan Africa,38.230858,-9.670487
Sub-Saharan Africa,37.742714,-9.964977
Sub-Saharan Africa,-24.3118,0.25329033
Central and Eastern Europe,5.0788636,-56.008553
Central and Eastern Europe,3.271432,-53.866245
Central and Eastern Europe,3.3128378,-53.60895
Central and Eastern Europe,3.258447,-53.866695
Central and Eastern Europe,4.115801,-53.603962
Central and Eastern Europe,3.702328,-54.846985
Central and Eastern Europe,-30.313393,-49.203888
Central and Eastern Europe,19.16348,-33.953735
Central and Eastern Europe,15.979969,-40.056034
Central and Eastern Europe,19.3369,-33.26811
Central and Eastern Europe,17.15356,-37.418064
Central and Eastern Europe,19.81749,-27.675262
Central and Eastern Europe,-26.171177,-38.92587
Sub-Saharan Africa,15.81333,54.881138
Sub-Saharan Africa,19.718426,49.38033
Sub-Saharan Africa,15.931037,53.4155
Sub-Saharan Africa,15.31559,53.029037
Sub-Saharan Africa,15.643167,55.545734
Sub-Saharan Africa,15.825772,52.386086
Sub-Saharan Africa,16.07229,51.671886
Sub-Saharan Africa,32.09209,37.69221
Sub-Saharan Africa,18.97683,51.69259
Sub-Saharan Africa,32.363914,31.47575
Sub-Saharan Africa,15.381325,52.019707
Sub-Saharan Africa,15.933533,52.750122
Southeast Asia,-16.103123,47.90778
Southeast Asia,-16.4901,48.665924
Southeast Asia,-14.671733,49.169964
Southeast Asia,-13.689045,49.41075
Southeast Asia,-13.707575,49.40248
Southeast Asia,-13.524164,49.50685
Southeast Asia,-15.249196,50.322964
Southeast Asia,-15.340793,50.06212
Southeast Asia,-15.811065,48.950073
Southeast Asia,-15.9603,48.743427
Southeast Asia,-15.877642,48.502274
Southeast Asia,-14.465668,48.486256
Southeast Asia,-14.481874,48.497982
Central and Eastern Europe,-2.7489648,-54.515614
Central and Eastern Europe,-1.0321348,-53.901882
Central and Eastern Europe,-28.783993,-47.615807
Central and Eastern Europe,-5.0840497,-56.200413
Central and Eastern Europe,-0.73446834,-50.943897
Central and Eastern Europe,-0.0973748,-49.84602
Central and Eastern Europe,-0.43240324,-43.374645
Central and Eastern Europe,1.3606681,-41.764088
Central and Eastern Europe,1.3610145,-41.76584
Central and Eastern Europe,0.6326437,-41.93184
Central and Eastern Europe,0.33230835,-41.780315
Central and Eastern Europe,0.63610286,-41.810226
Central and Eastern Europe,-25.721792,-38.846916
Central and Eastern Europe,-25.789581,-38.881435
Central and Eastern Europe,-26.106377,-39.05556
Central and Eastern Europe,-28.813114,-41.97831
Central and Eastern Europe,-28.739996,-41.942837
Central and Eastern Europe,-28.8699,-41.934406
Central and Eastern Europe,-29.141176,-41.412365
Central and Eastern Europe,-29.70699,-40.83881
Central and Eastern Europe,-57.490833,11.205206
Central and Eastern Europe,-53.539722,11.4770565
Central and Eastern Europe,-53.569668,11.271743
Central and Eastern Europe,-52.129307,10.97757
Central and Eastern Europe,-53.59925,25.41372
Sub-Saharan Africa,58.92453,10.546564
Sub-Saharan Africa,58.513306,10.028251
Sub-Saharan Africa,57.452656,9.7123575
Sub-Saharan Africa,57.36677,9.937928
Sub-Saharan Africa,56.451294,9.974448
Sub-Saharan Africa,54.584007,10.140581
Sub-Saharan Africa,55.163136,9.477469
Sub-Saharan Africa,54.570908,10.160104
Sub-Saharan Africa,54.312695,10.910032
Sub-Saharan Africa,54.30584,10.900332
Sub-Saharan Africa,52.506382,10.532529
Sub-Saharan Africa,50.527588,10.199292
Sub-Saharan Africa,49.044544,9.818252
Sub-Saharan Africa,47.52313,9.714197
Sub-Saharan Africa,44.932507,9.604905
East Asia,-15.973079,-43.55528
East Asia,-57.48693,11.185615
East Asia,-53.6141,8.194973
East Asia,-53.251266,8.194708
East Asia,-53.02524,8.840863
East Asia,-52.882244,8.9959
East Asia,-52.78299,9.640796
East Asia,-52.83777,9.48266
East Asia,-53.19688,10.707411
East Asia,-52.697166,10.626429
East Asia,-51.785862,11.401703
East Asia,-50.993908,11.691809
East Asia,-31.021553,30.936562
East Asia,-27.714853,29.028131
East Asia,-30.975246,30.946144
Western Europe,-55.37398,15.574599
Western Europe,-54.739983,14.585293
Western Europe,-54.847393,14.514104
Western Europe,-51.461517,23.428255
Western Europe,-51.77029,25.313807
Western Europe,-49.34046,23.898523
Western Europe,-51.2802,23.575039
Western Europe,-50.055065,24.144144
Western Europe,-50.05575,24.144756
Western Europe,-54.06145,13.766819
Western Europe,-52.04887,22.385683
Western Europe,-52.107582,21.961447
Western Europe,-47.735325,21.406446
Western Europe,-47.66985,21.322168
Western Europe,-52.52319,23.273836
South Asia,-20.000507,-11.086225
South Asia,-27.835642,-23.094622
South Asia,-36.153706,-12.066208
South Asia,-49.631783,-7.400082
South Asia,-17.497526,-8.385985
South Asia,-35.323624,-12.385441
South Asia,-35.42512,-12.325237
South Asia,-49.792408,-8.022218
South Asia,-49.83568,-7.9906073
South Asia,-48.23853,-5.1519423
South Asia,-39.695824,-5.3498387
South Asia,-39.86367,-5.4634523
South Asia,-39.7434,-5.2499948
Sub-Saharan Africa,55.704525,8.577046
Sub-Saharan Africa,53.88071,9.782766
Sub-Saharan Africa,53.241558,9.755859
Western Europe,-22.737385,29.592453
Western Europe,-7.2627945,28.10887
Western Europe,-20.84634,28.57524
Western Europe,-23.824594,28.949036
Western Europe,-21.10723,29.35228
Western Europe,-7.092705,28.873251
Western Europe,-7.740219,28.76505
Western Europe,-7.405569,29.04454
Western Europe,-6.5841208,30.542284
Western Europe,-5.077843,32.72266
Western Europe,-4.4077363,33.374332
Western Europe,-2.9231157,37.4627
Western Europe,-3.9052927,37.502724
Western Europe,-4.258544,37.98468
Western Europe,-4.2615848,37.69669
Western Europe,-13.461675,35.69346
Western Europe,-4.734307,30.673426
Western Europe,-3.7281704,38.924313
Western Europe,-5.5221887,38.743107
Western Europe,-13.130587,45.86504
Western Europe,-14.1234045,47.282585
Western Europe,-15.913516,48.034657
Western Europe,-14.800137,48.487705
Western Europe,-14.667572,48.391666
Western Europe,-14.59868,48.396988
East Asia,9.884789,-0.36125964
East Asia,-22.60672,-10.799438
East Asia,-22.606361,-11.180268
East Asia,-23.086176,-11.5744295
East Asia,-22.485086,-11.53339
East Asia,-22.50299,-11.485931
East Asia,-21.839506,-7.263577
East Asia,-21.982365,-11.961906
East Asia,9.374764,-1.500596
East Asia,9.239275,-2.2877114
East Asia,-22.323862,-11.369431
East Asia,-30.185917,-10.512502
East Asia,-30.195246,-10.466744
Commonwealth of Independent States,40.031513,-14.276137
Commonwealth of Independent States,-19.776463,-34.987827
Commonwealth of Independent States,-20.155107,-35.115814
Commonwealth of Independent States,-18.106691,-32.22934
Commonwealth of Independent States,-20.680126,-35.33268
Commonwealth of Independent States,37.868958,-22.765194
Commonwealth of Independent States,19.097967,-15.272238
Commonwealth of Independent States,-18.21476,-32.185604
Commonwealth of Independent States,-21.2954,-37.275383
Commonwealth of Independent States,-21.736658,-38.366306
Commonwealth of Independent States,-18.576723,-31.771013
Commonwealth of Independent States,-21.582808,-37.06283
Commonwealth of Independent States,38.04878,-23.139624
Commonwealth of Independent States,16.866806,-15.38223
Commonwealth of Independent States,7.2315197,2.19426
Sub-Saharan Africa,41.73112,35.536568
Sub-Saharan Africa,42.78326,35.21179
Sub-Saharan Africa,44.828064,5.210211
Sub-Saharan Africa,44.04618,3.8767517
Sub-Saharan Africa,44.69788,32.054855
Sub-Saharan Africa,39.88378,27.009504
Sub-Saharan Africa,41.231903,21.218435
Sub-Saharan Africa,41.075073,27.648737
Sub-Saharan Africa,41.38812,25.741056
Sub-Saharan Africa,41.15645,21.434587
Sub-Saharan Africa,38.499683,18.4024
Sub-Saharan Africa,40.2364,15.988203
Sub-Saharan Africa,40.482914,14.396994
Sub-Saharan Africa,39.927322,13.738032
Sub-Saharan Africa,42.62518,3.4664538
Southeast Asia,-48.619816,0.5444012
Southeast Asia,-48.927776,0.17870782
Southeast Asia,-48.761723,0.55626893
Southeast Asia,-48.792587,0.6684402
Southeast Asia,-49.52447,0.55400276
Southeast Asia,-49.36878,1.0338402
Southeast Asia,-49.30551,0.98112994
Southeast Asia,-49.049496,1.4179536
Southeast Asia,-49.40537,0.9824172
Southeast Asia,-49.540607,0.43362853
Southeast Asia,-48.261585,-3.900719
Southeast Asia,-47.697598,-4.25514
Southeast Asia,-49.72757,0.23301312
Southeast Asia,-48.238716,-3.9713953
Southeast Asia,-49.98385,0.21364883
Sub-Saharan Africa,28.653538,40.46576
Sub-Saharan Africa,14.813464,56.32505
Sub-Saharan Africa,15.708651,55.482944
Sub-Saharan Africa,18.328176,52.70935
Sub-Saharan Africa,28.004171,38.8894
Sub-Saharan Africa,28.43557,38.812637
Sub-Saharan Africa,29.032082,39.683678
Sub-Saharan Africa,29.486853,37.727077
Sub-Saharan Africa,26.236004,37.6298
Middle East and North Africa,16.964361,-14.47908
Middle East and North Africa,17.776924,-14.164065
Middle East and North Africa,5.734651,-60.24215
Middle East and North Africa,6.6895394,-58.240757
Middle East and North Africa,17.977879,-39.182602
Middle East and North Africa,38.789856,-18.3561
Middle East and North Africa,38.742947,-18.437605
Middle East and North Africa,38.4215,-19.220154
Middle East and North Africa,18.786667,-37.854954
Middle East and North Africa,37.58092,-19.201706
Middle East and North Africa,17.428144,-39.45587
Middle East and North Africa,18.613964,-37.964973
Middle East and North Africa,-20.709385,-26.60821
Middle East and North Africa,21.71969,-24.20622
Middle East and North Africa,21.48407,-24.87019
Middle East and North Africa,19.888363,-33.28369
Middle East and North Africa,21.717058,-24.956467
Middle East and North Africa,21.592176,-24.25472
Middle East and North Africa,21.824604,-25.00195
Middle East and North Africa,21.638775,-24.129206
Middle East and North Africa,-21.593973,-29.629578
Middle East and North Africa,-21.707132,-29.60244
Middle East and North Africa,20.472366,-25.970205
Middle East and North Africa,22.481712,-24.693617
Middle East and North Africa,22.287891,-23.95164
Middle East and North Africa,22.200188,-23.636663
Middle East and North Africa,21.866669,-23.439337
Commonwealth of Independent States,38.417553,-9.963192
Commonwealth of Independent States,-18.395939,-34.168274
Commonwealth of Independent States,37.081,-22.248413
Commonwealth of Independent States,38.6434,-14.591389
Commonwealth of Independent States,-19.698364,-34.97214
Commonwealth of Independent States,-22.567831,-28.31824
Commonwealth of Independent States,-20.477518,-29.522644
Commonwealth of Independent States,-21.032072,-29.389343
Commonwealth of Independent States,-24.17669,-38.6452
Commonwealth of Independent States,-24.170727,-38.64616
Sub-Saharan Africa,25.906128,35.35861
Sub-Saharan Africa,42.5629,34.639923
Sub-Saharan Africa,41.094563,32.12579
Sub-Saharan Africa,40.99384,32.07787
Sub-Saharan Africa,40.718727,31.639881
Sub-Saharan Africa,39.581146,26.982853
Sub-Saharan Africa,39.64313,23.325794
Sub-Saharan Africa,38.793407,25.284752
Sub-Saharan Africa,39.826675,24.486885
Sub-Saharan Africa,41.1846,20.543379
Sub-Saharan Africa,41.19245,20.522125
Sub-Saharan Africa,39.023098,23.994822
Sub-Saharan Africa,39.11347,23.19223
Sub-Saharan Africa,40.78069,19.777178
Sub-Saharan Africa,40.554775,19.172112
Commonwealth of Independent States,5.5347,-61.56422
Commonwealth of Independent States,3.880533,-61.769962
Commonwealth of Independent States,3.838385,-61.38299
Commonwealth of Independent States,3.994579,-61.935146
Commonwealth of Independent States,4.3281856,-61.649113
Commonwealth of Independent States,3.9781542,-61.576317
Commonwealth of Independent States,7.051902,-58.68453
Commonwealth of Independent States,3.978144,-61.596165
Commonwealth of Independent States,-28.723398,-49.661476
Commonwealth of Independent States,-4.970497,-56.359848
Commonwealth of Independent States,-27.783678,-50.415237
Commonwealth of Independent States,-28.408493,-48.93295
Commonwealth of Independent States,2.7922819,-60.30246
Commonwealth of Independent States,17.294712,-38.96472
Commonwealth of Independent States,-29.56373,-42.42759
Middle East and North Africa,-7.9543967,1.9778396
Middle East and North Africa,-39.939396,-8.790997
Middle East and North Africa,-41.560215,-9.363206
Middle East and North Africa,-41.626125,-9.345751
Middle East and North Africa,-39.282387,-9.16017
Middle East and North Africa,-32.61022,-20.53631
Middle East and North Africa,-30.697237,-21.261538
Middle East and North Africa,-46.743076,-7.3454213
Middle East and North Africa,-44.257656,-6.656042
Middle East and North Africa,-47.370277,-6.675608
Middle East and North Africa,-42.304096,-7.6912937
Middle East and North Africa,-44.36885,-6.6487083
Middle East and North Africa,-41.653812,-9.9951515
Western Europe,-43.957836,-10.70856
Western Europe,-19.951334,35.88084
Western Europe,-19.993046,36.494267
Western Europe,-29.440077,30.625824
Western Europe,-29.04308,30.48739
Western Europe,-28.271467,29.951824
Western Europe,-21.029537,36.653152
Western Europe,-19.651066,36.85709
Western Europe,-19.907253,36.642998
Western Europe,-20.086742,36.415653
Western Europe,-20.549541,35.766335
Western Europe,-20.076347,36.450657
Western Europe,-24.264269,28.797855
Western Europe,-18.143353,38.579903
Western Europe,-48.25945,19.894144
North America and ANZ,-39.763275,-9.387613
North America and ANZ,-46.443665,-6.3630347
North America and ANZ,-47.614216,-5.659302
North America and ANZ,-46.998627,-6.160561
North America and ANZ,-47.600143,-5.6871142
North America and ANZ,-46.042267,-6.1449933
North America and ANZ,-48.089127,-6.3951454
North America and ANZ,-48.671673,-6.4009194
North America and ANZ,-47.142227,-6.0360074
North America and ANZ,-47.1373,-6.0564466
North America and ANZ,-18.928635,-6.843933
North America and ANZ,-46.7063,-6.0016813
North America and ANZ,-43.238228,-7.3938494
North America and ANZ,-45.487186,-6.329596
North America and ANZ,-42.20876,-7.8518343
Latin America and Caribbean,3.8121104,-2.1461074
Latin America and Caribbean,4.6257906,-1.8761207
Latin America and Caribbean,3.2784913,-3.2893
Latin America and Caribbean,-1.2988698,-1.1064417
Latin America and Caribbean,-0.2973929,0.0629867
Latin America and Caribbean,-1.6923331,-2.4390347
Latin America and Caribbean,-40.349392,-7.3459263
Latin America and Caribbean,-6.5126615,1.4387727
Latin America and Caribbean,-2.9815173,-2.2719176
Latin America and Caribbean,-7.718271,1.5472331
Latin America and Caribbean,-2.9744034,-2.4966347
Latin America and Caribbean,-2.0407069,-0.6445547
Latin America and Caribbean,-1.3645062,-1.0331918
Latin America and Caribbean,-2.1267672,0.46005186
Latin America and Caribbean,-2.4671335,-1.8209457
Commonwealth of Independent States,17.66133,-15.175358
Commonwealth of Independent States,-31.283186,-23.544792
Commonwealth of Independent States,-29.947334,-22.443012
Commonwealth of Independent States,10.037699,-0.016268397
Commonwealth of Independent States,-35.09245,-4.368438
Commonwealth of Independent States,-6.3400664,2.5572228
Commonwealth of Independent States,-7.0735073,2.8620005
Commonwealth of Independent States,-35.294502,-4.3108644
Commonwealth of Independent States,-48.556114,-8.75073
Commonwealth of Independent States,-48.76009,-8.668067
Commonwealth of Independent States,-35.544052,-4.2953057
Commonwealth of Independent States,-48.44002,-8.517181
Commonwealth of Independent States,-48.529358,-8.280001
Latin America and Caribbean,-37.314224,-7.925881
Latin America and Caribbean,-7.6278524,1.1920384
Latin America and Caribbean,7.3655114,-2.648236
Latin America and Caribbean,7.6720505,-4.054746
Latin America and Caribbean,7.084849,-4.6900268
Latin America and Caribbean,7.165489,-4.4898686
Latin America and Caribbean,6.847634,-4.71036
Latin America and Caribbean,7.505027,-2.0279505
Latin America and Caribbean,7.3317804,-2.0262558
Latin America and Caribbean,8.200041,6.20778
Latin America and Caribbean,16.931082,-40.16571
Latin America and Caribbean,17.59556,-13.796479
Latin America and Caribbean,-22.356613,-9.551569
Latin America and Caribbean,-22.342503,-9.564716
Latin America and Caribbean,-29.02317,-22.556993
Southeast Asia,-22.132362,-38.54729
Southeast Asia,-22.232517,-37.50296
Southeast Asia,-22.887875,-37.819927
Southeast Asia,36.304646,-24.614546
Southeast Asia,-21.963278,-38.457222
Southeast Asia,-22.31233,-36.689568
Southeast Asia,35.74852,-24.683195
Southeast Asia,-31.049585,-24.408676
Southeast Asia,-23.850573,-33.66305
Southeast Asia,-21.87884,-34.473362
Southeast Asia,35.506542,-24.820793
Southeast Asia,-30.083755,-21.991398
Southeast Asia,32.667725,-24.406391
Southeast Asia,2.1549842,6.726371
Middle East and North Africa,25.6645,34.54081
Middle East and North Africa,19.334719,50.194767
Middle East and North Africa,19.21156,50.16102
Middle East and North Africa,17.614332,56.0857
Middle East and North Africa,17.629913,56.072975
Middle East and North Africa,16.930931,50.534348
Middle East and North Africa,31.78966,32.013985
Middle East and North Africa,16.932312,55.399826
Middle East and North Africa,16.27429,56.391937
Middle East and North Africa,16.524843,56.155884
Middle East and North Africa,17.64282,56.277096
Middle East and North Africa,17.503357,49.38796
Sub-Saharan Africa,41.73353,35.53709
Sub-Saharan Africa,43.374325,35.207375
Sub-Saharan Africa,37.329044,35.158173
Sub-Saharan Africa,42.15395,31.551739
Sub-Saharan Africa,39.768784,29.084414
Sub-Saharan Africa,39.31244,28.51322
Sub-Saharan Africa,45.0283,23.401077
Sub-Saharan Africa,43.984673,23.71593
Sub-Saharan Africa,43.954212,23.320412
Sub-Saharan Africa,42.514366,20.454025
Sub-Saharan Africa,42.51663,20.448313
Sub-Saharan Africa,44.277996,22.80467
Sub-Saharan Africa,37.16637,20.801996
Sub-Saharan Africa,44.200993,21.486708
Sub-Saharan Africa,27.671745,26.820463
Sub-Saharan Africa,27.73809,26.75379
Sub-Saharan Africa,26.426226,26.891834
Sub-Saharan Africa,27.470436,26.76646
Sub-Saharan Africa,40.731014,31.62238
Sub-Saharan Africa,39.947903,28.112371
Sub-Saharan Africa,28.216309,26.62073
Sub-Saharan Africa,40.08785,28.533186
Sub-Saharan Africa,39.492588,27.558044
Sub-Saharan Africa,41.046413,27.422512
Sub-Saharan Africa,41.04556,27.420778
Sub-Saharan Africa,41.089222,27.715004
Sub-Saharan Africa,41.055786,27.469938
Sub-Saharan Africa,38.873226,20.52968
Sub-Saharan Africa,40.30176,16.8836
